Nombre;Equipo;Min.;Jug.;%;Ent.;%;Tit.;%;Sust.;%;Am.;Roj.;Dob.;Gol;Pen.;G.P.P.;Enc.
Aarón Martín;ESP;2610002.610;29;94%;29;94%;29;94%;0;0%;6;0;0;0;0;0;34
Achraf Hakimi;RMA;57700577;7;23%;5;16%;6;19%;2;6%;0;0;0;1;0;0;6
Aday;GIR;1387001.387;24;77%;9;29%;16;52%;15;48%;6;0;0;1;1;1;24
Adnan Januzaj;RSO;1098001.098;22;71%;0;0%;12;39%;22;71%;3;0;0;3;0;0;22
Adrián;MGA;1711001.711;22;71%;17;55%;20;65%;5;16%;5;1;0;1;0;0;28
Adrián;DEP;1942001.942;24;77%;17;55%;21;68%;7;23%;0;0;0;7;0;0;48
Adrián Marín;VIL;14300143;2;6%;0;0%;1;3%;2;6%;1;0;0;0;0;0;2
Aduriz;ATH;1829001.829;28;90%;12;39%;18;58%;16;52%;5;0;0;8;3;0;18
Adán;BET;2700002.700;30;97%;30;97%;30;97%;0;0%;4;0;0;0;0;0;53
Agirretxe;RSO;15600156;9;29%;1;3%;1;3%;8;26%;0;0;0;0;0;0;0
Aissa Mandi;BET;2485002.485;28;90%;27;87%;28;90%;1;3%;7;1;0;1;0;0;43
Aketxe;ATH;340034;3;10%;0;0%;0;0%;3;10%;1;0;0;0;0;0;0
Alberto Aquilani;LPA;1104001.104;18;58%;8;26%;12;39%;10;32%;4;0;0;0;0;0;25
Alcalá;GIR;45000450;5;16%;5;16%;5;16%;0;0%;2;0;0;1;0;0;7
Alcácer;BAR;56500565;13;42%;0;0%;7;23%;13;42%;0;0;0;3;0;0;1
Aleix García;GIR;73100731;17;55%;5;16%;6;19%;12;39%;3;0;0;0;0;0;18
Aleix Vidal;BAR;44100441;14;45%;0;0%;4;13%;14;45%;0;0;0;1;0;0;1
Alexis;ALA;1857001.857;23;74%;20;65%;21;68%;3;10%;6;0;0;1;0;1;32
Amath;GET;2321002.321;30;97%;9;29%;29;94%;21;68%;7;0;0;2;0;0;21
Amrabat;LEG;1344001.344;25;81%;6;19%;14;45%;19;61%;4;1;1;1;0;0;20
Andone;DEP;1600001.600;26;84%;10;32%;16;52%;16;52%;6;0;0;7;0;0;30
Andoni López;ATH;900090;1;3%;1;3%;1;3%;0;0%;0;0;0;0;0;0;2
Andreas Pereira;VAL;89500895;19;61%;2;6%;10;32%;17;55%;5;0;0;1;0;0;13
Andrew Hjulsager;CEL;120012;2;6%;0;0%;0;0%;2;6%;0;0;0;0;0;0;1
André Gomes;BAR;56900569;15;48%;2;6%;5;16%;13;42%;1;0;0;0;0;0;4
Andrés;MGA;900090;1;3%;1;3%;1;3%;0;0%;0;0;0;0;0;0;2
Andrés Fdez;VIL;13500135;2;6%;1;3%;2;6%;1;3%;0;0;0;0;0;0;4
Antonio Luna;LEV;1571001.571;18;58%;16;52%;17;55%;2;6%;2;0;0;0;0;0;25
Antunes;GET;2430002.430;27;87%;27;87%;27;87%;0;0%;12;0;0;0;0;0;29
Arana;SEV;19200192;3;10%;2;6%;2;6%;1;3%;0;0;0;0;0;1;4
Arbilla;EIB;2278002.278;26;84%;25;81%;25;81%;1;3%;7;0;0;2;0;1;36
Aritz Elustondo;RSO;1264001.264;15;48%;13;42%;14;45%;2;6%;1;0;0;3;0;0;22
Aythami Artiles;LPA;18300183;3;10%;2;6%;2;6%;1;3%;0;0;0;0;0;0;3
Bacca;VIL;2010002.010;29;94%;9;29%;24;77%;20;65%;9;0;0;10;1;0;26
Bakkali;DEP;79200792;20;65%;1;3%;9;29%;19;61%;5;0;0;0;0;0;18
Bale;RMA;1440001.440;21;68%;7;23%;16;52%;14;45%;4;0;0;11;1;0;17
Balenziaga;ATH;1201001.201;14;45%;10;32%;14;45%;4;13%;1;0;0;0;0;0;15
Banega;SEV;1947001.947;26;84%;17;55%;20;65%;9;29%;6;1;0;2;2;0;42
Barbosa;VIL;1125001.125;13;42%;12;39%;12;39%;1;3%;0;0;0;0;0;0;14
Barragán;BET;1927001.927;24;77%;18;58%;23;74%;6;19%;7;0;0;0;0;0;40
Bartra;BET;88100881;10;32%;9;29%;10;32%;1;3%;3;0;0;0;0;0;8
Beauvue;LEG;1350001.350;22;71%;6;19%;14;45%;16;52%;4;0;0;2;0;0;17
Bebé;EIB;36100361;9;29%;1;3%;3;10%;8;26%;0;0;0;0;0;0;6
Ben Yedder;SEV;1475001.475;21;68%;12;39%;16;52%;9;29%;1;0;0;6;0;0;26
Benzema;RMA;1587001.587;24;77%;9;29%;18;58%;15;48%;0;0;0;5;2;0;19
Bernardo;GIR;2441002.441;29;94%;26;84%;27;87%;3;10%;7;0;0;0;0;0;43
Beñat;ATH;80700807;20;65%;3;10%;8;26%;17;55%;2;0;0;0;0;0;10
Bigas;LPA;89600896;12;39%;8;26%;11;35%;4;13%;3;0;0;0;0;0;26
Boateng;LEV;83900839;20;65%;2;6%;5;16%;18;58%;4;0;0;2;0;0;15
Bojan;ALA;37500375;12;39%;0;0%;3;10%;12;39%;0;0;0;0;0;0;10
Bonera;VIL;1100001.100;14;45%;11;35%;13;42%;3;10%;4;1;0;0;0;0;12
Borja Bastón;MGA;89400894;17;55%;5;16%;8;26%;12;39%;2;0;0;2;1;0;14
Borja G.;GIR;2396002.396;30;97%;13;42%;29;94%;17;55%;2;0;0;2;0;0;35
Borja H.;LPA;24200242;3;10%;2;6%;3;10%;1;3%;0;0;0;0;0;0;8
Borja Lasso;SEV;540054;1;3%;0;0%;1;3%;1;3%;0;0;0;0;0;0;1
Borja Mayoral;RMA;18400184;10;32%;0;0%;2;6%;10;32%;0;0;0;1;0;0;4
Borja Valle;DEP;11400114;11;35%;0;0%;0;0%;11;35%;0;0;0;0;0;0;1
Bounou;GIR;2025002.025;23;74%;22;71%;23;74%;1;3%;1;0;0;0;0;0;35
Bruno;GET;99800998;14;45%;11;35%;11;35%;3;10%;4;0;0;0;0;0;8
Bruno Gama;DEP;11200112;6;19%;0;0%;1;3%;6;19%;1;0;0;0;0;0;5
Bueno;MGA;14000140;6;19%;0;0%;1;3%;6;19%;0;0;0;0;0;0;2
Burgui;ALA;89900899;20;65%;1;3%;10;32%;19;61%;0;0;0;1;0;0;11
Bustinza M.;LEG;1096001.096;14;45%;11;35%;12;39%;3;10%;3;0;0;1;0;0;19
Bóveda;DEP;1191001.191;14;45%;10;32%;13;42%;4;13%;3;0;0;0;0;1;24
Cabrera;GET;45200452;6;19%;5;16%;5;16%;1;3%;2;0;0;0;0;0;5
Calleri;LPA;2537002.537;30;97%;23;74%;28;90%;7;23%;5;0;0;7;3;0;57
Camarasa;BET;1093001.093;22;71%;1;3%;13;42%;21;68%;2;0;0;1;0;1;22
Campaña;LEV;2119002.119;28;90%;16;52%;26;84%;12;39%;7;1;1;1;0;0;33
Campbell;BET;960096;4;13%;0;0%;1;3%;4;13%;0;0;0;1;0;0;2
Canales;RSO;1365001.365;29;94%;5;16%;14;45%;24;77%;2;0;0;3;0;0;26
Capa;EIB;2040002.040;29;94%;18;58%;23;74%;11;35%;3;0;0;0;0;0;35
Carles Gil;DEP;47800478;10;32%;0;0%;6;19%;10;32%;0;0;0;0;0;0;12
Carlos Isaac;ATM;640064;1;3%;0;0%;1;3%;1;3%;1;0;0;0;0;0;0
Carlos Soler;VAL;1833001.833;26;84%;7;23%;21;68%;19;61%;3;0;0;1;0;0;17
Carlos Sánchez ;ESP;69800698;9;29%;7;23%;8;26%;2;6%;2;0;0;0;0;0;8
Carriço;SEV;36000360;4;13%;4;13%;4;13%;0;0%;1;0;0;0;0;0;6
Carvajal;RMA;1863001.863;21;68%;20;65%;21;68%;1;3%;10;1;0;0;0;0;25
Casemiro;RMA;1974001.974;23;74%;18;58%;23;74%;5;16%;7;0;0;3;0;0;23
Celso Borges ;DEP;1871001.871;27;87%;13;42%;21;68%;14;45%;3;1;1;3;0;0;36
Charles;EIB;1448001.448;27;87%;7;23%;17;55%;20;65%;4;1;0;7;1;0;19
Cheik Doukouré;LEV;1020001.020;19;61%;6;19%;12;39%;13;42%;4;0;0;1;0;0;23
Chema;LEV;1731001.731;20;65%;18;58%;20;65%;2;6%;7;1;0;1;0;1;29
Chichizola;LPA;1980001.980;22;71%;22;71%;22;71%;0;0%;2;0;0;0;0;0;41
Chory Castro;MGA;1863001.863;23;74%;9;29%;23;74%;14;45%;4;1;1;4;1;0;27
Christian Santos;ALA;43300433;10;32%;3;10%;5;16%;7;23%;2;1;1;2;0;0;8
Chéryshev;VIL;57200572;18;58%;0;0%;4;13%;18;58%;0;0;0;1;0;0;6
Cifu;MGA;10700107;2;6%;1;3%;1;3%;1;3%;0;0;0;0;0;0;6
Clement Lenglet;SEV;2462002.462;29;94%;25;81%;27;87%;4;13%;8;0;0;3;0;0;42
Coke;LEV;93500935;12;39%;7;23%;11;35%;5;16%;3;1;1;2;0;0;17
Corchia;SEV;82300823;12;39%;4;13%;9;29%;8;26%;4;0;0;0;0;0;16
Correa;SEV;1120001.120;19;61%;3;10%;15;48%;16;52%;5;0;0;1;0;0;12
Cote;EIB;1980001.980;25;81%;16;52%;23;74%;9;29%;3;0;0;0;0;0;32
Coutinho;BAR;79800798;11;35%;4;13%;9;29%;7;23%;1;0;0;2;0;0;6
Cuéllar;LEG;2790002.790;31;100%;31;100%;31;100%;0;0%;3;0;0;0;0;0;39
D. Torres;ALA;97600976;15;48%;8;26%;11;35%;7;23%;2;0;0;0;0;0;17
Dakonam Djené;GET;2609002.609;29;94%;28;90%;29;94%;1;3%;6;0;0;1;0;0;29
Damián Suárez;GET;2475002.475;28;90%;27;87%;28;90%;1;3%;12;0;0;0;0;0;25
Dani Castellano;LPA;1577001.577;19;61%;15;48%;18;58%;4;13%;4;0;0;0;0;0;34
Dani Ceballos;RMA;21200212;8;26%;0;0%;2;6%;8;26%;0;0;0;2;0;0;2
Dani García;EIB;2307002.307;26;84%;23;74%;26;84%;3;10%;11;0;0;0;0;0;34
Dani Giménez;BET;900090;1;3%;1;3%;1;3%;0;0%;0;0;0;0;0;0;0
Dani Parejo;VAL;2587002.587;29;94%;27;87%;29;94%;2;6%;13;0;0;6;5;0;28
Darder;ESP;2298002.298;28;90%;18;58%;26;84%;10;32%;6;0;0;1;0;0;30
Darko;LEG;82300823;16;52%;3;10%;10;32%;13;42%;3;0;0;0;0;0;9
David García;LPA;54400544;7;23%;6;19%;6;19%;1;3%;2;0;0;1;0;0;17
David Lombán;EIB;48000480;7;23%;4;13%;5;16%;3;10%;1;0;0;0;0;0;13
David López;ESP;2700002.700;30;97%;30;97%;30;97%;0;0%;5;0;0;0;0;0;37
David Simón;LPA;62800628;10;32%;4;13%;5;16%;6;19%;3;0;0;0;0;0;15
David Soria;SEV;63500635;8;26%;7;23%;8;26%;1;3%;1;0;0;0;0;0;11
De la Bella;RSO;1170001.170;13;42%;13;42%;13;42%;0;0%;4;0;0;0;0;0;19
De Marcos;ATH;1123001.123;15;48%;8;26%;14;45%;7;23%;3;0;0;1;0;0;9
Dembélé;BAR;57000570;11;35%;1;3%;7;23%;10;32%;1;0;0;0;0;0;4
Denis Suárez;BAR;39900399;13;42%;2;6%;3;10%;11;35%;0;0;0;2;0;0;2
Diego Costa;ATM;89200892;12;39%;4;13%;11;35%;8;26%;4;1;1;3;0;0;4
Diego González;MGA;1080001.080;13;42%;9;29%;13;42%;4;13%;3;0;0;1;0;0;20
Diego López;ESP;67400674;8;26%;7;23%;8;26%;1;3%;1;0;0;0;0;0;10
Diego Rolan;MGA;1421001.421;20;65%;13;42%;15;48%;7;23%;0;0;0;4;0;0;29
Diop;EIB;85000850;14;45%;5;16%;10;32%;9;29%;5;0;0;0;0;0;13
Diéguez;ALA;22500225;3;10%;2;6%;3;10%;1;3%;3;0;0;0;0;0;4
Dmitrović;EIB;2790002.790;31;100%;31;100%;31;100%;0;0%;1;0;0;0;0;0;45
Douglas Luiz;GIR;29500295;15;48%;1;3%;1;3%;14;45%;4;0;0;0;0;0;10
Duarte;ALA;1871001.871;21;68%;18;58%;21;68%;3;10%;7;1;1;0;0;0;27
Dídac;ESP;30000300;8;26%;2;6%;2;6%;6;19%;1;0;0;0;0;0;7
El Zhar;LEG;1493001.493;24;77%;7;23%;14;45%;17;55%;2;0;0;2;0;0;22
Eloi Amagat;GIR;5005;1;3%;0;0%;0;0%;1;3%;0;0;0;0;0;0;0
Emiliano Martínez;GET;45000450;5;16%;5;16%;5;16%;0;0%;0;0;0;0;0;0;7
Emre Mor;CEL;60300603;19;61%;2;6%;4;13%;17;55%;3;0;0;1;0;0;10
Emre Çolak;DEP;1045001.045;20;65%;0;0%;12;39%;20;65%;3;0;0;0;0;0;28
Enes Ünal;VIL;1615001.615;26;84%;12;39%;17;55%;14;45%;1;0;0;6;0;0;24
Enis Bardhi;LEV;1189001.189;20;65%;6;19%;12;39%;14;45%;7;0;0;4;0;0;19
Eraso;LEG;2091002.091;27;87%;17;55%;26;84%;10;32%;4;0;0;4;0;0;24
Erick Cabaco;LEV;81400814;11;35%;8;26%;9;29%;3;10%;4;0;0;0;0;0;10
Erik Exposito;LPA;30600306;6;19%;2;6%;3;10%;4;13%;0;0;0;1;0;0;6
Escalante;EIB;1209001.209;22;71%;7;23%;13;42%;15;48%;2;0;0;1;0;0;28
Escudero;SEV;1882001.882;22;71%;20;65%;21;68%;2;6%;7;0;0;0;0;0;33
Etebo;LPA;67500675;8;26%;7;23%;8;26%;1;3%;1;0;0;0;0;0;7
Etxeita;ATH;27000270;3;10%;3;10%;3;10%;0;0%;2;0;0;1;0;0;1
Ezequiel Garay;VAL;1580001.580;19;61%;15;48%;18;58%;4;13%;4;0;0;0;0;0;18
Fabian Schär;DEP;1770001.770;20;65%;19;61%;20;65%;1;3%;8;0;0;2;0;0;49
Fabián;BET;2045002.045;27;87%;17;55%;23;74%;10;32%;2;0;0;2;0;0;38
Facundo Roncaglia;CEL;1201001.201;16;52%;11;35%;13;42%;5;16%;2;0;0;0;0;0;18
Fajr ;GET;1843001.843;25;81%;16;52%;20;65%;9;29%;4;0;0;1;0;0;21
Feddal;BET;1257001.257;15;48%;13;42%;14;45%;2;6%;7;0;0;3;0;1;31
Fede Cartabia;DEP;1328001.328;19;61%;3;10%;16;52%;16;52%;6;0;0;2;0;0;24
Fede Valverde;DEP;1044001.044;19;61%;6;19%;11;35%;13;42%;0;0;0;0;0;0;23
Fernando Navarro;DEP;84900849;12;39%;9;29%;9;29%;3;10%;5;0;0;0;0;0;19
Fernando Torres;ATM;50100501;20;65%;0;0%;3;10%;20;65%;0;0;0;2;0;0;3
Ferrán Torres;VAL;15600156;8;26%;0;0%;1;3%;8;26%;0;0;0;0;0;0;2
Filipe Luis;ATM;1415001.415;17;55%;14;45%;16;52%;3;10%;3;0;0;1;0;0;7
Fontàs;CEL;81400814;11;35%;7;23%;9;29%;4;13%;2;0;0;0;0;0;15
Francis Coquelin;VAL;65600656;9;29%;6;19%;7;23%;3;10%;2;0;0;1;0;0;9
Franco Vázquez;SEV;1528001.528;24;77%;6;19%;18;58%;18;58%;4;0;0;4;0;0;31
G. Cabral;CEL;1530001.530;22;71%;11;35%;16;52%;11;35%;5;0;0;1;0;0;23
Gabi;ATM;1918001.918;27;87%;15;48%;21;68%;12;39%;6;0;0;0;0;0;12
Gabriel;VAL;2224002.224;26;84%;24;77%;25;81%;2;6%;4;1;1;0;0;0;23
Gabriel;LEG;2052002.052;25;81%;14;45%;24;77%;11;35%;5;0;0;5;1;0;25
Gabriel Mercado;SEV;1627001.627;20;65%;14;45%;20;65%;6;19%;7;0;0;0;0;0;23
Gaku Shibasaki;GET;83100831;20;65%;0;0%;10;32%;20;65%;1;0;0;1;0;0;7
Gameiro;ATM;79400794;20;65%;0;0%;8;26%;20;65%;0;0;0;6;1;0;5
Ganso;SEV;52400524;8;26%;2;6%;7;23%;6;19%;0;0;0;2;0;0;2
Gayá;VAL;2454002.454;28;90%;25;81%;28;90%;3;10%;9;0;0;0;0;0;26
Gerard;ESP;2790002.790;31;100%;31;100%;31;100%;0;0%;4;0;0;12;1;0;38
Gerard;DEP;960096;2;6%;1;3%;1;3%;1;3%;0;0;0;0;0;0;3
Giménez;ATM;1480001.480;20;65%;15;48%;15;48%;5;16%;4;0;0;1;0;0;11
Godín;ATM;2256002.256;26;84%;24;77%;25;81%;2;6%;5;0;0;0;0;0;12
Gonçalo Guedes;VAL;1853001.853;26;84%;14;45%;20;65%;12;39%;1;0;0;4;0;0;19
Granell;GIR;2323002.323;28;90%;20;65%;27;87%;8;26%;9;0;0;1;0;0;36
Granero;ESP;1111001.111;22;71%;5;16%;10;32%;17;55%;5;0;0;1;0;0;13
Griezmann;ATM;2261002.261;27;87%;16;52%;27;87%;11;35%;5;1;0;18;2;0;11
Guaita;GET;2340002.340;26;84%;26;84%;26;84%;0;0%;1;0;0;0;0;0;23
Guardado;BET;2019002.019;25;81%;18;58%;22;71%;7;23%;5;0;0;2;1;0;42
Guidetti;ALA;91200912;19;61%;1;3%;10;32%;18;58%;2;0;0;1;0;0;7
Guido Pizarro;SEV;1529001.529;21;68%;15;48%;17;55%;6;19%;8;0;0;1;0;0;24
Guilherme ;DEP;2255002.255;26;84%;23;74%;26;84%;3;10%;10;0;0;0;0;1;50
Guillermo Maripán;ALA;1167001.167;15;48%;12;39%;13;42%;3;10%;3;0;0;0;0;0;17
Gumbau;LEG;95500955;19;61%;8;26%;10;32%;11;35%;7;0;0;1;0;0;19
Gálvez;LPA;1439001.439;16;52%;15;48%;16;52%;1;3%;5;1;0;1;0;0;35
H.Moreno;RSO;45000450;5;16%;5;16%;5;16%;0;0%;1;0;0;1;0;0;5
Halilović;LPA;85800858;14;45%;6;19%;10;32%;8;26%;1;1;0;2;0;0;15
Hermoso;ESP;1659001.659;19;61%;18;58%;19;61%;1;3%;4;1;1;1;0;2;25
Hernán;LPA;35100351;7;23%;1;3%;4;13%;6;19%;1;0;0;0;0;0;13
Hernán Pérez;ALA;51000510;14;45%;2;6%;5;16%;12;39%;3;0;0;0;0;0;10
Hernán Toledo;LPA;59800598;14;45%;4;13%;6;19%;10;32%;2;0;0;0;0;0;14
Hugo Mallo;CEL;2480002.480;28;90%;24;77%;28;90%;4;13%;9;0;0;0;0;0;37
Héctor;ALA;150015;1;3%;0;0%;0;0%;1;3%;0;0;0;0;0;0;0
I. Martínez;ATH;1956001.956;22;71%;21;68%;22;71%;1;3%;3;0;0;1;0;0;31
Iago Aspas;CEL;2681002.681;30;97%;28;90%;30;97%;2;6%;8;0;0;19;2;0;42
Iago Herrerín;ATH;72000720;8;26%;8;26%;8;26%;0;0%;0;0;0;0;0;0;6
Ibai;ALA;1858001.858;27;87%;9;29%;21;68%;18;58%;1;0;0;5;1;0;26
Ideye;MGA;47800478;7;23%;4;13%;5;16%;3;10%;2;0;0;1;0;0;8
Igor Zubeldia;RSO;1487001.487;22;71%;13;42%;15;48%;9;29%;3;0;0;1;0;0;27
Illarramendi;RSO;2608002.608;29;94%;27;87%;29;94%;2;6%;5;1;1;7;0;0;50
Imoh Ezekiel;LPA;15300153;4;13%;1;3%;1;3%;3;10%;0;0;0;0;0;0;3
Iniesta;BAR;1494001.494;24;77%;3;10%;20;65%;21;68%;1;0;0;1;0;0;11
Inui;EIB;2298002.298;30;97%;17;55%;27;87%;13;42%;3;0;0;4;0;0;37
Iraizoz;GIR;76500765;9;29%;8;26%;8;26%;1;3%;1;0;0;0;0;1;13
Isco;RMA;1461001.461;25;81%;5;16%;17;55%;20;65%;1;0;0;5;0;0;15
Iturra;MGA;1177001.177;14;45%;11;35%;14;45%;3;10%;3;0;0;0;0;0;17
Iturraspe;ATH;1617001.617;25;81%;12;39%;17;55%;13;42%;5;0;0;0;0;0;22
Ivi;LEV;1645001.645;27;87%;9;29%;16;52%;18;58%;3;0;0;4;1;0;27
Iván Alejo;EIB;87200872;16;52%;1;3%;12;39%;15;48%;3;0;0;1;0;0;8
Iván López;LEV;17500175;3;10%;1;3%;3;10%;2;6%;0;0;0;0;0;0;2
Iñigo Lekue;ATH;1795001.795;28;90%;17;55%;18;58%;11;35%;3;0;0;0;0;0;27
J. Costa;VIL;2240002.240;26;84%;22;71%;27;87%;4;13%;13;0;0;0;0;0;27
J. Naranjo;LEG;41800418;13;42%;0;0%;4;13%;13;42%;2;0;0;0;0;0;4
J. Ontiveros;MGA;38000380;12;39%;1;3%;1;3%;11;35%;4;0;0;0;0;0;6
Jaime Sierra;LEG;260026;2;6%;0;0%;0;0%;2;6%;0;0;0;0;0;0;1
Jairo;LPA;40100401;6;19%;0;0%;5;16%;6;19%;1;0;0;0;0;0;11
Jason;LEV;1529001.529;21;68%;9;29%;19;61%;12;39%;0;0;0;1;0;0;20
Jaume;VAL;18000180;2;6%;2;6%;2;6%;0;0%;2;0;0;0;0;0;2
Javi Castellano;LPA;1230001.230;18;58%;9;29%;14;45%;9;29%;4;0;0;0;0;0;26
Javi Fuego;VIL;1773001.773;23;74%;14;45%;22;71%;9;29%;7;0;0;0;0;0;26
Javi García;BET;1960001.960;27;87%;17;55%;22;71%;10;32%;4;0;0;1;0;0;34
Javi López;ESP;42700427;8;26%;3;10%;6;19%;5;16%;2;0;0;0;0;0;5
Jefferson Lerma;LEV;1756001.756;21;68%;17;55%;21;68%;4;13%;13;0;0;0;0;0;23
Jesús Navas;SEV;1492001.492;23;74%;13;42%;17;55%;10;32%;2;0;0;1;0;0;24
Jesús Vallejo;RMA;36000360;4;13%;4;13%;4;13%;0;0%;0;0;0;0;0;0;2
Joan Jordán;EIB;2049002.049;28;90%;17;55%;22;71%;11;35%;0;1;1;5;1;0;31
Joaquín;BET;2080002.080;28;90%;15;48%;24;77%;13;42%;6;0;0;4;0;0;47
Johannes Geis;SEV;47900479;11;35%;4;13%;5;16%;7;23%;0;0;0;0;0;0;7
Jon Bautista;RSO;16100161;9;29%;0;0%;1;3%;9;29%;0;0;0;1;0;0;5
Jon Guridi;RSO;500050;4;13%;0;0%;0;0%;4;13%;0;0;0;0;0;0;0
Jonny;CEL;2687002.687;30;97%;29;94%;30;97%;1;3%;9;0;0;1;0;0;41
Jony;MGA;21400214;5;16%;1;3%;1;3%;4;13%;1;0;0;0;0;0;8
Jordi Alba;BAR;2294002.294;28;90%;22;71%;25;81%;6;19%;6;0;0;2;0;0;11
Jordi Amat;BET;1541001.541;19;61%;12;39%;18;58%;7;23%;5;2;1;0;0;1;24
Jorge Molina;GET;2411002.411;30;97%;17;55%;27;87%;13;42%;8;0;0;7;3;0;24
Jose Arnáiz;BAR;5005;1;3%;0;0%;0;0%;1;3%;0;0;0;0;0;0;0
Jozabed;CEL;99100991;18;58%;2;6%;12;39%;16;52%;7;0;0;0;0;0;15
Juanfran;DEP;2443002.443;28;90%;26;84%;27;87%;2;6%;3;0;0;0;0;0;52
Juanfran;ATM;99700997;12;39%;10;32%;11;35%;2;6%;3;0;0;0;0;0;5
Juanjo Narváez;BET;30400304;7;23%;1;3%;4;13%;6;19%;0;0;0;0;0;0;10
Juankar;MGA;78400784;10;32%;8;26%;9;29%;2;6%;2;0;0;0;0;0;16
Juanmi;RSO;1178001.178;24;77%;2;6%;15;48%;22;71%;2;0;0;6;0;0;21
Juanpe;GIR;2434002.434;28;90%;27;87%;27;87%;1;3%;6;0;0;5;0;0;44
Juanpi;MGA;60400604;16;52%;0;0%;5;16%;16;52%;1;0;0;0;0;0;11
Julio Gracia;BET;210021;2;6%;0;0%;0;0%;2;6%;0;0;0;0;0;0;1
Juncà;EIB;73700737;12;39%;5;16%;8;26%;7;23%;2;0;0;0;0;0;12
Jurado;ESP;1366001.366;24;77%;4;13%;18;58%;20;65%;1;0;0;0;0;0;18
Keko;MGA;1158001.158;19;61%;2;6%;15;48%;17;55%;2;0;0;0;0;0;17
Kepa;ATH;2070002.070;23;74%;23;74%;23;74%;0;0%;4;0;0;0;0;0;29
Kevin Soni;GIR;130013;1;3%;0;0%;0;0%;1;3%;0;0;0;0;0;0;2
Keylor Navas;RMA;2070002.070;23;74%;23;74%;23;74%;0;0%;1;0;0;0;0;0;27
Kike;EIB;2050002.050;29;94%;14;45%;23;74%;15;48%;3;0;0;5;0;0;32
Kiko Casilla;RMA;63000630;7;23%;7;23%;7;23%;0;0%;0;0;0;0;0;0;6
Koke;ATM;2347002.347;28;90%;22;71%;27;87%;6;19%;3;0;0;3;0;0;11
Kondogbia;VAL;2229002.229;26;84%;21;68%;26;84%;5;16%;9;1;1;4;0;0;25
Kovačić;RMA;63400634;15;48%;1;3%;6;19%;14;45%;2;0;0;0;0;0;12
Krohn-Dehli;DEP;80800808;18;58%;0;0%;9;29%;18;58%;2;0;0;1;0;0;13
Kévin Rodrigues;RSO;1362001.362;16;52%;15;48%;15;48%;1;3%;2;0;0;1;0;1;27
Lacen;MGA;67000670;13;42%;3;10%;6;19%;10;32%;3;0;0;0;0;0;10
Laguardia;ALA;1170001.170;13;42%;13;42%;13;42%;0;0%;2;0;0;2;0;1;18
Lato;VAL;62200622;14;45%;2;6%;7;23%;12;39%;3;0;0;0;0;0;9
Llorente R.;RSO;1878001.878;22;71%;18;58%;21;68%;4;13%;7;1;1;3;0;0;33
Lobotka;CEL;2450002.450;31;100%;24;77%;27;87%;7;23%;2;0;0;0;0;0;37
Loren;BET;67600676;9;29%;3;10%;8;26%;6;19%;2;0;0;5;0;0;9
Lozano;GIR;19200192;8;26%;1;3%;1;3%;7;23%;0;0;0;1;0;0;8
Loïc Remy;GET;93400934;18;58%;6;19%;8;26%;12;39%;1;1;1;5;0;0;24
Lucas Boyé;CEL;14400144;8;26%;0;0%;1;3%;8;26%;1;0;0;0;0;0;2
Lucas Digne;BAR;52200522;10;32%;4;13%;6;19%;6;19%;2;0;0;0;0;0;4
Lucas Hernández;ATM;1693001.693;22;71%;18;58%;19;61%;4;13%;4;0;0;0;0;0;8
Lucas Pérez;DEP;2225002.225;28;90%;22;71%;25;81%;6;19%;3;0;0;5;3;0;51
Lucas Vázquez;RMA;1239001.239;26;84%;9;29%;12;39%;17;55%;2;0;0;3;0;0;17
Luis H. ;MGA;2700002.700;30;97%;30;97%;30;97%;0;0%;5;0;0;0;0;0;46
Luis Muriel;SEV;1428001.428;24;77%;9;29%;15;48%;15;48%;4;0;0;7;0;0;29
Luis Suárez;BAR;2421002.421;27;87%;24;77%;27;87%;3;10%;5;0;0;22;0;0;15
Luisinho;DEP;1992001.992;23;74%;21;68%;22;71%;2;6%;10;0;0;1;0;0;47
Léo Baptistão;ESP;2198002.198;29;94%;14;45%;26;84%;15;48%;4;0;0;6;0;0;31
M. Guerrero;LEG;99500995;16;52%;10;32%;10;32%;6;19%;3;0;0;2;0;0;16
M. Gómez;CEL;2519002.519;29;94%;20;65%;29;94%;9;29%;10;0;0;13;0;0;38
M. M. Dos Santos;LEG;80000800;11;35%;7;23%;8;26%;4;13%;3;0;0;0;0;0;4
M. Navarro;ESP;1004001.004;17;55%;6;19%;9;29%;11;35%;3;0;0;1;0;0;15
M. Trigueros;VIL;2205002.205;28;90%;15;48%;26;84%;13;42%;7;1;1;2;1;0;30
Maksím Kóval;DEP;390039;1;3%;0;0%;1;3%;1;3%;0;1;0;0;0;0;1
Mantovani;LEG;96600966;11;35%;10;32%;10;32%;1;3%;3;0;0;1;0;0;16
Manu García;ALA;2039002.039;24;77%;21;68%;23;74%;3;10%;7;0;0;2;0;0;31
Marc Roca;ESP;10000100;4;13%;0;0%;1;3%;4;13%;0;0;0;0;0;0;3
Marcelo;RMA;1902001.902;24;77%;17;55%;22;71%;7;23%;2;1;0;2;0;0;26
Marco Asensio;RMA;1425001.425;25;81%;10;32%;15;48%;15;48%;2;0;0;6;0;0;17
Marcos Llorente;RMA;44400444;10;32%;2;6%;4;13%;8;26%;1;0;0;0;0;0;4
Mario Gaspar;VIL;2175002.175;25;81%;24;77%;24;77%;1;3%;5;0;0;1;0;0;29
Markel Bergara;GET;1469001.469;18;58%;12;39%;18;58%;6;19%;5;0;0;4;0;0;17
Mathieu Flamini;GET;13200132;3;10%;0;0%;1;3%;3;10%;0;0;0;0;0;0;1
Mathías Olivera;GET;120012;2;6%;0;0%;0;0%;2;6%;0;0;0;0;0;0;0
Matías Aguirregaray;LPA;88500885;10;32%;9;29%;10;32%;1;3%;2;0;0;0;0;0;12
Mauro Arambarri;GET;2135002.135;27;87%;14;45%;26;84%;13;42%;8;1;1;1;0;0;25
Maxime Lestienne;MGA;18600186;5;16%;0;0%;2;6%;5;16%;0;0;0;0;0;0;2
Mazan;CEL;580058;1;3%;0;0%;1;3%;1;3%;0;0;0;0;0;0;2
Melendo;ESP;34400344;12;39%;0;0%;2;6%;12;39%;0;0;0;0;0;0;4
Messi;BAR;2583002.583;30;97%;28;90%;28;90%;2;6%;2;0;0;29;2;0;14
Michel Macedo;LPA;1796001.796;24;77%;15;48%;22;71%;9;29%;4;0;0;0;0;0;35
Miguel Layún;SEV;75900759;10;32%;7;23%;7;23%;3;10%;1;0;0;1;0;0;21
Miguel Torres;MGA;44200442;5;16%;4;13%;5;16%;1;3%;3;0;0;0;0;0;7
Mikel Oyarzabal;RSO;2237002.237;28;90%;15;48%;25;81%;13;42%;4;0;0;9;0;0;40
Mikel Rico;ATH;1015001.015;13;42%;10;32%;11;35%;3;10%;2;0;0;0;0;0;9
Miquel;MGA;1254001.254;14;45%;13;42%;14;45%;1;3%;3;1;0;0;0;0;15
Modrić;RMA;1644001.644;22;71%;11;35%;19;61%;11;35%;2;0;0;1;0;0;16
Mojica;GIR;1754001.754;25;81%;15;48%;18;58%;10;32%;6;0;0;0;0;0;30
Molinero;GET;44600446;7;23%;4;13%;4;13%;3;10%;4;0;0;0;0;0;6
Momo;LPA;58400584;11;35%;1;3%;7;23%;10;32%;3;0;0;0;0;0;20
Montoya;VAL;1882001.882;22;71%;20;65%;21;68%;2;6%;7;0;0;0;0;0;21
Morales;LEV;2483002.483;28;90%;24;77%;28;90%;4;13%;6;1;1;6;3;0;40
Moyà;RSO;49500495;6;19%;5;16%;6;19%;1;3%;0;0;0;0;0;0;5
Muniain ;ATH;41900419;7;23%;3;10%;4;13%;4;13%;0;0;0;2;0;0;6
Muniesa;GIR;96000960;11;35%;10;32%;11;35%;1;3%;2;0;0;0;0;0;13
Munir;ALA;2079002.079;27;87%;9;29%;24;77%;18;58%;6;1;1;7;0;0;31
Murillo;VAL;1104001.104;14;45%;10;32%;12;39%;4;13%;4;0;0;0;0;0;7
Muñoz;LEG;1137001.137;16;52%;11;35%;14;45%;5;16%;2;0;0;0;0;0;19
N'Zonzi;SEV;1810001.810;22;71%;19;61%;21;68%;3;10%;2;0;0;0;0;0;34
N. Semedo;BAR;99900999;17;55%;6;19%;12;39%;11;35%;0;0;0;0;0;0;7
Nacho;RMA;1826001.826;24;77%;18;58%;19;61%;6;19%;6;0;0;3;0;1;22
Nacho Gil;LPA;52900529;13;42%;0;0%;6;19%;13;42%;0;0;0;0;0;0;11
Nahuel;BET;24900249;7;23%;0;0%;3;10%;7;23%;2;0;0;0;0;0;7
Naldo;ESP;56200562;7;23%;5;16%;6;19%;2;6%;2;0;0;0;0;0;8
Nano;LEV;27400274;9;29%;0;0%;2;6%;9;29%;1;0;0;0;0;0;4
Nemanja Maksimovic;VAL;31000310;12;39%;2;6%;3;10%;10;32%;1;0;0;0;0;0;5
Neto;VAL;2610002.610;29;94%;29;94%;29;94%;0;0%;2;0;0;0;0;0;29
Nolito;SEV;1260001.260;24;77%;5;16%;13;42%;19;61%;4;0;0;3;0;0;29
O. Duarte;ESP;99000990;11;35%;11;35%;11;35%;0;0%;1;0;0;0;0;0;14
Oblak ;ATM;2790002.790;31;100%;31;100%;31;100%;0;0%;1;0;0;0;0;0;15
Oier;LEV;1800001.800;20;65%;20;65%;20;65%;0;0%;2;0;0;0;0;0;30
Olunga;GIR;31500315;10;32%;1;3%;3;10%;9;29%;0;0;0;3;0;0;6
Omar R.;LEG;1125001.125;18;58%;3;10%;14;45%;15;48%;2;0;0;0;0;0;17
Orellana;EIB;65100651;11;35%;4;13%;7;23%;7;23%;3;1;1;3;0;0;5
P. Hernández ;CEL;1630001.630;25;81%;13;42%;17;55%;12;39%;4;0;0;3;0;0;23
P. León;EIB;53900539;7;23%;4;13%;5;16%;3;10%;1;0;0;0;0;0;8
P. Mosquera;DEP;1055001.055;18;58%;6;19%;12;39%;12;39%;7;0;0;0;0;0;26
Pablo Fornals;VIL;2312002.312;30;97%;20;65%;27;87%;10;32%;4;0;0;3;0;0;29
Pablo Maffeo;GIR;2229002.229;27;87%;20;65%;26;84%;7;23%;7;0;0;0;0;0;39
Pablo Sarabia;SEV;1963001.963;28;90%;12;39%;22;71%;16;52%;2;1;1;6;1;0;30
Pacheco;ALA;2790002.790;31;100%;31;100%;31;100%;0;0%;2;0;0;0;0;0;45
Pacheco;GET;12600126;9;29%;0;0%;0;0%;9;29%;0;0;0;0;0;0;2
Pareja;SEV;22500225;3;10%;2;6%;3;10%;1;3%;1;0;0;0;0;0;5
Pau López;ESP;2116002.116;24;77%;23;74%;23;74%;1;3%;2;0;0;0;0;0;28
Paulinho;BAR;1621001.621;29;94%;10;32%;18;58%;19;61%;2;0;0;8;0;0;11
Paulo;EIB;1694001.694;20;65%;18;58%;19;61%;2;6%;2;0;0;0;0;1;29
Pazzini;LEV;40000400;7;23%;2;6%;5;16%;5;16%;0;0;0;1;0;0;10
Pedraza;ALA;2166002.166;29;94%;18;58%;24;77%;11;35%;4;0;0;3;0;0;36
Pedro López;LEV;1238001.238;16;52%;9;29%;14;45%;7;23%;3;0;0;0;0;0;14
Pere Pons;GIR;2193002.193;26;84%;20;65%;26;84%;6;19%;7;0;0;0;0;0;37
Peñalba;LPA;57200572;7;23%;5;16%;7;23%;2;6%;3;0;0;0;0;0;13
Peñaranda;MGA;80700807;13;42%;3;10%;11;35%;10;32%;3;0;0;0;0;0;16
Piatti;ESP;1574001.574;26;84%;4;13%;20;65%;22;71%;0;0;0;1;0;0;19
Piqué;BAR;2134002.134;24;77%;23;74%;24;77%;1;3%;7;0;0;2;0;0;14
Planas;GIR;19000190;5;16%;1;3%;2;6%;4;13%;0;0;0;0;0;0;4
Portillo;GET;1960001.960;27;87%;11;35%;22;71%;16;52%;5;0;0;2;1;0;20
Portu;GIR;2527002.527;31;100%;11;35%;30;97%;20;65%;3;0;0;11;0;0;41
Postigo;LEV;2021002.021;25;81%;20;65%;23;74%;5;16%;6;0;0;1;0;1;33
R. Albentosa;DEP;1209001.209;14;45%;12;39%;13;42%;2;6%;4;0;0;1;0;0;23
Radoja;CEL;95200952;22;71%;3;10%;10;32%;19;61%;3;0;0;0;0;0;20
Rafa Navarro;BET;11200112;2;6%;0;0%;1;3%;2;6%;0;0;0;0;0;0;1
Rakitić;BAR;2456002.456;30;97%;21;68%;27;87%;9;29%;2;0;0;1;0;0;13
Ramalho;GIR;1937001.937;22;71%;21;68%;21;68%;1;3%;2;0;0;0;0;1;37
Ramis ;EIB;1213001.213;15;48%;11;35%;14;45%;4;13%;4;0;0;3;0;0;13
Raúl C.;LEG;1279001.279;16;52%;14;45%;14;45%;2;6%;1;0;0;0;0;0;21
Raúl García;ATH;2277002.277;30;97%;13;42%;26;84%;17;55%;7;0;0;7;2;0;24
Raúl Lizoain;LPA;81000810;9;29%;9;29%;9;29%;0;0%;0;0;0;0;0;0;22
Raúl Navas;RSO;1252001.252;14;45%;13;42%;14;45%;1;3%;3;0;0;0;0;0;25
Recio;MGA;1841001.841;22;71%;16;52%;21;68%;6;19%;9;1;1;1;1;0;30
Ricca;MGA;1021001.021;13;42%;9;29%;12;39%;4;13%;3;0;0;0;0;0;20
Rico;LEG;1665001.665;19;61%;18;58%;19;61%;1;3%;4;0;0;1;0;0;20
Rivera;EIB;24100241;7;23%;2;6%;2;6%;5;16%;0;0;0;0;0;0;9
Riza Durmisi;BET;1720001.720;20;65%;18;58%;19;61%;2;6%;4;0;0;1;0;0;40
Roberto;MGA;2700002.700;30;97%;30;97%;30;97%;0;0%;0;0;0;0;0;0;46
Roberto Rosales ;MGA;2585002.585;29;94%;27;87%;29;94%;2;6%;7;0;0;1;0;0;41
Roberto Soriano;VIL;1020001.020;20;65%;3;10%;10;32%;17;55%;3;0;0;0;0;0;14
Rochina;LEV;460046;2;6%;0;0%;0;0%;2;6%;0;1;0;0;0;0;1
Rodri;VIL;2598002.598;30;97%;27;87%;29;94%;3;10%;7;0;0;1;0;0;32
Rodrigo;VAL;2231002.231;30;97%;10;32%;26;84%;20;65%;4;0;0;15;1;0;19
Rodrigo Ely;ALA;2237002.237;25;81%;23;74%;25;81%;2;6%;8;1;1;1;0;0;37
Roger;LEV;62600626;11;35%;3;10%;6;19%;8;26%;4;0;0;2;1;0;8
Roger Martínez;VIL;19300193;6;19%;1;3%;2;6%;5;16%;0;0;0;0;0;0;4
Rolón;MGA;42200422;8;26%;1;3%;6;19%;7;23%;1;0;0;0;0;0;12
Ronaldo;RMA;2095002.095;24;77%;18;58%;24;77%;6;19%;1;0;0;23;3;0;27
Roque Mesa;SEV;670067;2;6%;0;0%;1;3%;2;6%;2;0;0;0;0;0;4
Rubén;DEP;1937001.937;22;71%;21;68%;21;68%;1;3%;2;0;0;0;0;0;47
Rubén Blanco;CEL;1942001.942;22;71%;21;68%;23;74%;1;3%;3;1;0;0;0;0;31
Rubén Castro;BET;23700237;8;26%;0;0%;2;6%;8;26%;0;0;0;1;1;0;3
Rubén Pardo;RSO;850085;3;10%;0;0%;1;3%;3;10%;0;0;0;0;0;0;3
Rubén Peña;EIB;1107001.107;21;68%;6;19%;11;35%;15;48%;1;0;0;0;0;0;18
Rubén Pérez J.;LEG;1915001.915;23;74%;18;58%;22;71%;5;16%;11;0;0;0;0;0;20
Rukavina;VIL;95400954;13;42%;10;32%;10;32%;3;10%;4;0;0;0;0;0;13
Rulli;RSO;2070002.070;23;74%;23;74%;23;74%;0;0%;3;0;0;0;0;0;41
Ryad Boudebouz;BET;1098001.098;22;71%;3;10%;12;39%;19;61%;2;0;0;2;0;0;17
Róber;LEV;1544001.544;21;68%;14;45%;15;48%;7;23%;4;0;0;0;0;1;26
Rúben Semedo;VIL;23100231;4;13%;2;6%;3;10%;2;6%;0;0;0;0;0;0;7
S. Asenjo ;VIL;1530001.530;17;55%;17;55%;17;55%;0;0%;2;0;0;0;0;0;19
S. Castillejo;VIL;1547001.547;23;74%;5;16%;19;61%;18;58%;2;0;0;2;0;0;17
S. García;ESP;1200001.200;26;84%;7;23%;11;35%;19;61%;4;0;0;1;0;0;13
S. Sánchez;ESP;10200102;2;6%;0;0%;1;3%;2;6%;1;0;0;0;0;0;1
Sabin Merino;ATH;33800338;11;35%;0;0%;4;13%;11;35%;1;0;0;0;0;0;6
Saborit;ATH;1290001.290;17;55%;12;39%;14;45%;5;16%;4;0;0;0;0;0;13
Sadiku;LEV;16300163;4;13%;0;0%;2;6%;4;13%;1;0;0;0;0;0;1
Samuel;MGA;35600356;17;55%;0;0%;4;13%;17;55%;1;1;0;0;0;0;8
Samuel Umtiti;BAR;1919001.919;22;71%;20;65%;21;68%;2;6%;7;0;0;0;0;0;12
San José;ATH;1747001.747;21;68%;16;52%;20;65%;5;16%;3;0;0;1;0;0;23
Sanabria;BET;63800638;12;39%;4;13%;6;19%;8;26%;0;0;0;7;0;0;15
Sandro;SEV;25100251;6;19%;1;3%;2;6%;5;16%;0;0;0;0;0;0;10
Sansone;VIL;43000430;12;39%;0;0%;4;13%;12;39%;1;0;0;4;1;0;5
Santi Mina;VAL;1236001.236;27;87%;7;23%;13;42%;20;65%;4;0;0;11;1;0;19
Savić;ATM;1669001.669;20;65%;18;58%;19;61%;2;6%;5;0;0;0;0;0;8
Saúl;ATM;2662002.662;30;97%;28;90%;30;97%;2;6%;9;0;0;2;0;0;15
Saša Lukić;LEV;70400704;11;35%;4;13%;9;29%;7;23%;4;0;0;0;0;0;14
Sergi Enrich;EIB;1330001.330;19;61%;8;26%;14;45%;11;35%;2;0;0;3;0;1;23
Sergi Gómez;CEL;2070002.070;26;84%;21;68%;24;77%;5;16%;2;0;0;1;0;0;32
Sergi Roberto;BAR;2079002.079;27;87%;17;55%;22;71%;10;32%;3;0;0;1;0;0;10
Sergio;BAR;2085002.085;25;81%;17;55%;24;77%;8;26%;7;0;0;1;0;0;12
Sergio A.;CEL;84500845;10;32%;9;29%;9;29%;1;3%;0;0;0;0;0;0;12
Sergio León;BET;1793001.793;28;90%;12;39%;20;65%;16;52%;4;0;0;11;0;0;36
Sergio Mora;GET;61400614;20;65%;2;6%;5;16%;18;58%;3;0;0;0;0;0;10
Sergio Ramos;RMA;1750001.750;20;65%;17;55%;20;65%;3;10%;4;2;2;2;0;0;21
Sergio Rico;SEV;2155002.155;24;77%;23;74%;23;74%;1;3%;2;0;0;0;0;0;39
Sidnei;DEP;1779001.779;21;68%;19;61%;21;68%;2;6%;4;0;0;1;0;0;34
Simon Kjaer;SEV;1481001.481;19;61%;15;48%;17;55%;4;13%;3;0;0;1;0;0;28
Simone Zaza;VAL;1817001.817;28;90%;11;35%;20;65%;17;55%;7;1;1;12;0;0;20
Siovas;LEG;1566001.566;18;58%;14;45%;18;58%;4;13%;8;1;1;0;0;0;18
Sisto;CEL;2123002.123;29;94%;8;26%;26;84%;21;68%;1;0;0;4;0;0;29
Sobrino;ALA;1047001.047;22;71%;6;19%;11;35%;16;52%;4;0;0;2;0;0;20
Stuani;GIR;2164002.164;26;84%;13;42%;26;84%;13;42%;8;0;0;17;3;0;33
Success;MGA;24900249;6;19%;0;0%;4;13%;6;19%;0;0;0;0;0;0;3
Sulley Muntari;DEP;39300393;6;19%;0;0%;6;19%;6;19%;3;0;0;0;0;0;8
Susaeta;ATH;2045002.045;29;94%;11;35%;24;77%;18;58%;1;0;0;2;0;0;27
Szymanowski;LEG;1064001.064;13;42%;9;29%;13;42%;4;13%;1;0;0;2;1;0;12
T. Pina;ALA;1928001.928;24;77%;15;48%;23;74%;9;29%;7;0;0;0;0;0;28
Tana;LPA;1477001.477;22;71%;8;26%;15;48%;14;45%;2;0;0;1;0;0;29
Tello;BET;1434001.434;26;84%;8;26%;14;45%;18;58%;2;0;0;4;0;0;28
Ter Stegen;BAR;2790002.790;31;100%;31;100%;31;100%;0;0%;0;0;0;0;0;0;16
Theo Hernández;RMA;60100601;9;29%;4;13%;6;19%;5;16%;1;0;0;0;0;0;5
Thomas;ATM;1944001.944;28;90%;14;45%;23;74%;14;45%;5;0;0;3;0;0;10
Timor;GIR;56100561;12;39%;5;16%;6;19%;7;23%;4;0;0;2;0;0;8
Tito L. R.;LEG;33700337;6;19%;3;10%;3;10%;3;10%;0;0;0;0;0;0;4
Toni Kroos;RMA;1885001.885;22;71%;15;48%;22;71%;7;23%;3;0;0;4;0;0;26
Toño;LEV;1080001.080;12;39%;12;39%;12;39%;0;0%;2;0;0;0;0;0;19
Toño Ramírez;RSO;22500225;3;10%;2;6%;2;6%;1;3%;0;0;0;0;0;0;6
Tytoń;DEP;900090;1;3%;1;3%;1;3%;0;0%;0;0;0;0;0;0;4
Unai Núñez;ATH;2402002.402;27;87%;26;84%;27;87%;1;3%;10;0;0;1;0;0;31
Varane;RMA;1873001.873;22;71%;20;65%;22;71%;2;6%;1;0;0;0;0;0;22
Vermaelen;BAR;80700807;11;35%;8;26%;9;29%;3;10%;2;0;0;0;0;0;5
Vesga;ATH;74900749;11;35%;6;19%;10;32%;5;16%;6;0;0;1;0;0;14
Vezo;VAL;1104001.104;14;45%;11;35%;12;39%;3;10%;0;1;1;0;0;0;13
Vicente Gómez;LPA;1152001.152;20;65%;6;19%;13;42%;14;45%;1;0;0;0;0;0;28
Viera;LPA;1994001.994;23;74%;22;71%;23;74%;1;3%;4;0;0;4;1;0;46
Vietto ;VAL;57300573;14;45%;0;0%;7;23%;14;45%;2;0;0;1;0;0;5
Vigaray;ALA;89300893;12;39%;7;23%;9;29%;5;16%;6;0;0;0;0;0;22
Vitolo;ATM;95000950;17;55%;6;19%;11;35%;11;35%;1;1;0;2;0;0;22
Vrsaljko;ATM;1312001.312;16;52%;12;39%;15;48%;4;13%;6;0;0;0;0;0;8
Víctor Ruiz;VIL;1877001.877;21;68%;20;65%;21;68%;1;3%;7;1;1;1;0;0;18
Víctor S.;ESP;2068002.068;25;81%;19;61%;24;77%;6;19%;10;0;0;0;0;0;29
Wakaso;ALA;77500775;14;45%;4;13%;9;29%;10;32%;5;0;0;0;0;0;17
Wass;CEL;2309002.309;28;90%;18;58%;27;87%;10;32%;3;0;0;4;0;0;37
Williams;ATH;2244002.244;31;100%;19;61%;24;77%;12;39%;0;0;0;6;0;0;28
Willian José;RSO;2219002.219;27;87%;17;55%;26;84%;10;32%;2;0;0;13;2;0;39
Xabi Prieto;RSO;1932001.932;24;77%;11;35%;24;77%;13;42%;1;0;0;3;1;0;41
Ximo;LPA;2111002.111;25;81%;23;74%;23;74%;2;6%;10;0;0;0;0;1;42
Yeray;ATH;36000360;4;13%;4;13%;4;13%;0;0%;0;0;0;0;0;0;5
Yerry Mina ;BAR;900090;1;3%;1;3%;1;3%;0;0%;1;0;0;0;0;0;0
Zaldúa;LEG;2205002.205;25;81%;22;71%;25;81%;3;10%;8;0;0;1;0;0;27
Zdravko Kuzmanovic;MGA;48100481;8;26%;3;10%;7;23%;5;16%;0;2;2;0;0;0;13
Zurutuza;RSO;1794001.794;24;77%;13;42%;21;68%;11;35%;1;0;0;0;0;0;34
Álvaro ;VIL;2359002.359;27;87%;24;77%;26;84%;3;10%;12;1;1;0;0;0;34
Álvaro Jiménez;GET;49600496;12;39%;2;6%;5;16%;10;32%;2;1;1;1;0;0;8
Álvaro Medrán;ALA;99800998;17;55%;7;23%;10;32%;10;32%;2;0;0;1;0;0;18
Álvaro Odriozola;RSO;2623002.623;30;97%;27;87%;29;94%;3;10%;3;0;0;0;0;0;51
Ángel ;GET;1855001.855;27;87%;10;32%;21;68%;17;55%;4;0;0;12;0;0;13
Ángel Correa;ATM;1896001.896;31;100%;5;16%;22;71%;26;84%;3;0;0;7;0;0;7
